{"1": {"Random": [0.8016307620262774, 0.8100403767035587, 0.8204276350699496, 0.8085476652691725, 0.7907193352344293, 0.7944256090445544, 0.8058172443003108, 0.8327538463050846, 0.8122770447373638, 0.7886688565316324, 0.8153870020596959, 0.8064664921618154, 0.827649078551104, 0.7862734179530876, 0.8528813239263003, 0.8386351804141449, 0.8086718333161825, 0.8036112127513384, 0.8143839916871984, 0.790357057475325, 0.8100996291174141, 0.8044772068907108, 0.8110917590425418, 0.7918924377400318, 0.7947821040544037, 0.8138319652343264, 0.8018489816451582, 0.8563773666530095, 0.8111680096689554, 0.8311609224571858], "Largest Deviation": [0.8008402862965027, 0.8104174459176304, 0.8220567308530364, 0.8040390811671752, 0.7908794538895205, 0.7972281018422682, 0.8034140647267373, 0.8372283881240199, 0.8102318797746181, 0.7897354940798322, 0.8174229075093509, 0.8042447655376541, 0.8285107819527623, 0.7844291244026984, 0.8518832567146039, 0.8379058493306621, 0.8063315843273161, 0.803084881773912, 0.8136546848107193, 0.7864807348398812, 0.8082131109293389, 0.8048580155293368, 0.8126222866421938, 0.7943408745515372, 0.7950340612046518, 0.8127609743791319, 0.8033501185491373, 0.8555872515297495, 0.811289115899526, 0.8299315823542947], "All Contexts": [0.7920057823947794, 0.8031001497356878, 0.8054868347629373, 0.7963368379930356, 0.7795548359625923, 0.8050740268221251, 0.7851447309294123, 0.8249390944409862, 0.805291151924206, 0.7892143740166334, 0.8105295622415462, 0.8054693399909486, 0.8183634822245999, 0.7718815142378525, 0.8492961644880035, 0.83460237028819, 0.804492169313032, 0.7953885531821895, 0.8108188379730691, 0.7802007141654804, 0.8035363361242974, 0.809460170863385, 0.8099631041933069, 0.7937681234878657, 0.7978966861848431, 0.8115029450113664, 0.7896013972943291, 0.8463530643025412, 0.8104517962697134, 0.8233377317953776], "Cramer Deviation": [0.8008402862965027, 0.8104174459176304, 0.8220567308530364, 0.8040390811671752, 0.7908794538895205, 0.7972281018422682, 0.8034140647267373, 0.8372283881240199, 0.8102318797746181, 0.7897354940798322, 0.8174229075093509, 0.8042447655376541, 0.8285107819527623, 0.7844291244026984, 0.8518832567146039, 0.8379058493306621, 0.8063315843273161, 0.803084881773912, 0.8136546848107193, 0.7864807348398812, 0.8082131109293389, 0.8048580155293368, 0.8126222866421938, 0.7943408745515372, 0.7950340612046518, 0.8127609743791319, 0.8033501185491373, 0.8555872515297495, 0.811289115899526, 0.8299315823542947]}, "2": {"Random": [0.8009295222845003, 0.8089432645730996, 0.8169806112112253, 0.8057671750990932, 0.7886221595136528, 0.7993234351179147, 0.803276288874964, 0.8323828193527514, 0.8087581656864969, 0.7877890374995087, 0.8123132045731182, 0.8078653332898827, 0.8256426280956123, 0.7829898357784681, 0.8566757848659299, 0.8388971953985961, 0.8065806026093937, 0.8003484446030424, 0.8137436747223465, 0.7876877781970304, 0.8081177544846926, 0.8035682134370946, 0.8084513754564752, 0.7923642523195752, 0.7966283912677434, 0.8132492171468219, 0.7984853800254086, 0.8529873403776046, 0.8110883343108338, 0.8298557273413659], "Largest Deviation": [0.7998323386551998, 0.8088721850439818, 0.8177475033180084, 0.8029092460670196, 0.7911215546517011, 0.7982177037346737, 0.8015849736934433, 0.8353903912102564, 0.808392687051766, 0.7888928254784559, 0.8169351128832439, 0.8074993362775467, 0.8271317134782398, 0.782070366970284, 0.8498840319363308, 0.8365636714863037, 0.8048587075083041, 0.801187263713908, 0.8133351055697683, 0.7849022144177477, 0.8055066979773017, 0.8041857394952572, 0.8121146128703424, 0.7953372948319635, 0.7943318261506516, 0.811987655146759, 0.8015511067536109, 0.8524802613326017, 0.8126328700163511, 0.8298042859943693], "All Contexts": [0.7920057823947794, 0.8031001497356878, 0.8054868347629373, 0.7963368379930356, 0.7795548359625923, 0.8050740268221251, 0.7851447309294123, 0.8249390944409862, 0.805291151924206, 0.7892143740166334, 0.8105295622415462, 0.8054693399909486, 0.8183634822245999, 0.7718815142378525, 0.8492961644880035, 0.83460237028819, 0.804492169313032, 0.7953885531821895, 0.8108188379730691, 0.7802007141654804, 0.8035363361242974, 0.809460170863385, 0.8099631041933069, 0.7937681234878657, 0.7978966861848431, 0.8115029450113664, 0.7896013972943291, 0.8463530643025412, 0.8104517962697134, 0.8233377317953776], "Cramer Deviation": [0.8001657625738681, 0.8092299857373728, 0.8174290331035239, 0.8020960883246825, 0.7903800380770697, 0.7971965218967264, 0.8001443608700586, 0.8360177047718013, 0.8078495864168909, 0.7874160165804103, 0.8175022415145521, 0.8041959566572972, 0.8270595788609829, 0.7823508546004634, 0.8500560717973239, 0.8380826190390126, 0.8053896641260965, 0.8012034938192835, 0.8147176335901782, 0.7828295331503421, 0.8063441933152469, 0.8028450243165162, 0.8115226698016589, 0.7942783639622981, 0.7953745895141588, 0.8121576632020509, 0.8024772648924714, 0.8534363211532882, 0.812905154205559, 0.830666144795634]}, "3": {"Random": [0.7984304894085354, 0.8074807200997135, 0.8154547181844666, 0.8042616473848451, 0.7902427977939044, 0.8010858539380207, 0.7989097442068929, 0.8312700588521069, 0.807211767410593, 0.7867339469092696, 0.8114178902228186, 0.8081701630870057, 0.8222261387821242, 0.7831859512924503, 0.8572131086752248, 0.8374321566714121, 0.8061346119932888, 0.7983049992521295, 0.8126572494014055, 0.786600700569605, 0.8075392599905418, 0.8037769898574861, 0.806834489602148, 0.7909364179388705, 0.7981342702312247, 0.8153528338907088, 0.797203714296075, 0.8517582888263421, 0.8079621938694509, 0.8298263739469037], "Largest Deviation": [0.7978089190457052, 0.8083993200738895, 0.8144988107891402, 0.8001852615562396, 0.7890845415648129, 0.8017580434099432, 0.7980039049389245, 0.8343213397785925, 0.8082777072957245, 0.7885296309065396, 0.8161360006553854, 0.8058599043716499, 0.8254905307125276, 0.7804634957718809, 0.8498211056709732, 0.836655223019011, 0.8044043041732944, 0.8004885609301563, 0.8124425408668063, 0.7832190103944009, 0.8041987622391132, 0.8038042361475725, 0.8096142277656811, 0.7958571503336614, 0.7939491038452042, 0.8095069295623647, 0.8028623849334534, 0.8508218624207087, 0.8113348329576323, 0.8294347596042743], "All Contexts": [0.7920057823947794, 0.8031001497356878, 0.8054868347629373, 0.7963368379930356, 0.7795548359625923, 0.8050740268221251, 0.7851447309294123, 0.8249390944409862, 0.805291151924206, 0.7892143740166334, 0.8105295622415462, 0.8054693399909486, 0.8183634822245999, 0.7718815142378525, 0.8492961644880035, 0.83460237028819, 0.804492169313032, 0.7953885531821895, 0.8108188379730691, 0.7802007141654804, 0.8035363361242974, 0.809460170863385, 0.8099631041933069, 0.7937681234878657, 0.7978966861848431, 0.8115029450113664, 0.7896013972943291, 0.8463530643025412, 0.8104517962697134, 0.8233377317953776], "Cramer Deviation": [0.7997578587606409, 0.8066623429865502, 0.8168400968858539, 0.8012236329520067, 0.7902493749257946, 0.7983127068077205, 0.7983449955839121, 0.8362133975309409, 0.8068927944980638, 0.7871626533024034, 0.815007214322877, 0.8056662421049905, 0.8250287921402972, 0.7794010108115986, 0.8467550957823993, 0.8392409295914548, 0.8059567101833857, 0.8009129373755888, 0.8150499228357334, 0.7815358881217733, 0.8034380660222554, 0.8029200699021597, 0.8118829744738689, 0.7964217341557841, 0.7946656091927696, 0.8127694692997394, 0.8032980861469052, 0.8528467661181824, 0.8138291521753437, 0.8317226348052313]},