{"1": {"All Contexts": [0.7804014449949243, 0.8048864768807764], "Cramer Deviation": [0.7966663853247096, 0.8127817778111677], "Largest Deviation": [0.7945884203305466, 0.8128542046090909], "Random": [0.7965163836804283, 0.8106126454932319]}, "2": {"All Contexts": [0.7804014449949243, 0.8048864768807764], "Cramer Deviation": [0.7934515475249189, 0.8106871011432406], "Largest Deviation": [0.7923537035950294, 0.8104212933524382], "Random": [0.7935022870655115, 0.8081583438256125]}, "3": {"All Contexts": [0.7804014449949243, 0.8048864768807764], "Cramer Deviation": [0.7921439354615413, 0.8094801643639219], "Largest Deviation": [0.7901182947159426, 0.8082933210192997], "Random": [0.7900406361258006, 0.8073438559814122]}, "4": {"All Contexts": [0.7804014449949243, 0.8048864768807764], "Cramer Deviation": [0.7902847753984572, 0.8081097654896681], "Largest Deviation": [0.7875689814117374, 0.8076855158269624], "Random": [0.787264738245664, 0.8050184821025173]}}